kode_spec;nama_perangkat
B3CD02A0008M;SMART DC DISTRIBUTION PANEL WITH MODBUS RTU COMMUNICATION
B3CD0400048M;RECTIFIER 9000WATT 3X POWER MODUL, CONTROLLER WITH SNMP COMMUNICATON, SUPPORT LITHIUM BATTERY)
B3CD08A0003M;DC PDU/DCDU
B2WN0287103M;Standard 1U, 19'' standalone IP/MPLS pre-aggregation device, 6 x 100G/40G QSFP28/QSFP+ for uplink, 24 x 25G/10G/1G SFP28/SFP+/SF
B2WN0287107M;FAN FOR RAX721-C-6C48
B2WN0287106M;DC POWER SUPPLY FOR RAX721-C-6C48
B2WN00A0189M;Starview QSFP28 100Gbps module 100GBase aggregating 4 x 25Gbps duplex LWDM (1295.6 nm, 1300.1 nm, 1304.6 nm, and 1309.1nm) wavel
B2WN0262020G;FORTIGATE-30E HW AND WARRANTY
B2WN0262020H;FORTIGATE-50E HW AND WARRANTY
B2WN0100041X;3RD PARTY GPON ONT WITH 4GE + 2 POTS ( PN - 178-80003 )
B2WN0100041W;3RD PARTY GPON ONT WITH 4FE + 2 POTS ( PN - 177-80001 ) ( PN - 177-80001 )
B2WN00A0362M;SFP+ 10G SR 850NM, 300M
B2WN00A0121M;Generic Compatible 10GBASE-BX40-D BiDi SFP+ 1330nm-TX/1270nm-RX 20km DDM LC SMF Transceiver (QT-BIDI-SFP+-LH-33)
B2WN00A0369M;Transceiver BIDI SFP+ 10G Tx1270nm 40km DDM
B2WN0150017M;SFP+ 10G RAISECOM 40KM
B2WN0150090M;SFP+ ATOP 10G ER 1550nm 40KM
B2WN00A0365M;Transceiver BIDI SFP+ 10G Tx1330nm 40km DDM
B2WN0150261M;SFP+ 10G 1550nm 40 KM-Project Lambda
B2WN00A0125M;Transceiver BIDI SFP+ 10G Tx1270nm 20km DDM
B2WN0287060M;SFP+ 10G-SINGLESTRAIN 20KM (Tx-1330 / Rx-1270) (brand: FS/Qonitech/Atop/3Tech/6Com)
B2WN0286428M;SFP ATOP 10G-SINGLESTRAIN 40KM TX 1330NM RX 1270NM
B2WN00A0104M;Customized  Compatible 10GBASE-ER SFP+ 1550nm 40km DDM LC SMF Transceiver Module Industrial Temperature
B2WN00A0317M;Starview QSFP56-DD 400Gbps module 400G-LR4 aggregating 4 x 100Gbps CWDM (1271/ 1291/ 1311/ 1331nm) SM (LC) with Digital Diagnost
B2WN00A0216M;QSFP28 100G BASE-LR4 DUAL RATE 100GE/OTU
B2WN0287157M;Starview QSFP28 100Gbps module 100GBase aggregating 4 x 25Gbps 850nm duplex MM (MPO-12) with Digital Diagnostic Monitoring (DDM)
B2WN0286411M;FS for Mellanox MMA1B00-C100D Compatible, 100GBASE-SR4 QSFP28 850nm 100m DOM Optical Transceiver Module
B2WN0286593M;FS for Mellanox MC2210411-SR4 Compatible, 40GBASE-SR4 QSFP+ 850nm 150m DOM MTP/MPO MMF Optical Transceiver Module
B2WN0286745M;Juniper Networks JNP-QSFP-100G-SR4 Compatible 100GBASE-SR4 QSFP28 850nm 100m DOM MTP/MPO MMF Optical Transceiver Module
B2WN0287155M;Starview QSFP+ 40Gbps module 40GBase aggregating 4 x 10Gbps duplex CWDM (1270/ 1290/ 1310/ 1330nm) SM (LC) with Digital Diagnost
B2WN00A0190M;Starview QSFP28 100Gbps module 100GBase aggregating 4 x 25Gbps duplex LWDM (1295.6 nm, 1300.1 nm, 1304.6 nm, and 1309.1nm) wavel
B2WN00A0219M;Starview QSFP28 100Gbps module 100GBase aggregating 4 x 25Gbps duplex LWDM (1295.6 nm, 1300.1 nm, 1304.6 nm, and 1309.1nm) wavel
B2WN00A0139M;10Gbps, 40km, 1550nm, dual fiber, single mode, DDM, RoHS, commercial, Raisecom USFP+ transceiver module. P/N. USFP+-192/S2
B2WN00A0346M;Starview QSFP56-DD 400Gbps module 400G-ER4 aggregating 4 x 100Gbps LWDM (1295.6 nm, 1300.1 nm, 1304.6 nm, and 1309.1nm) SM (LC) 
B2WN00A0003M;1.25Gbit/s, 15km, 1310nm, dual-fiber, single-mode, DDM, RoHS, Industrial, USFP transceiver module
B2WN00A0105M;Customized Compatible 10GBASE-ZR SFP+ 1550nm 80km DOM LC SMF Transceiver Module Industrial Temperature
B2WN0150043M;RAISECOM SFP 1.25G ( STM 4 ) DDMI TX/RX 1310 NM 15KM
B2WN0150044M;RAISECOM GE SFP LH SINGLE STRAIN TX 1550NM RX 1310NM 40KM
B2WN0286127M;550m max distance, 850nm, 1.25Gbit/s, dual fiber, multi-mode, DDM, RoHS, commercial.
B2WN0150202M;SFP ATOP 1G SR 850nm
B2WN0286922M;6C-SFP-0301D SFP 1.25G 850nm 550M
B2WN0286041M;1000BASE-SX SFP transceiver module, MMF, 850nm, DOM
B2WN0286923M;Cisco SFP-10G-ZR Compatible 10GBASE-ZR/ZW and OTU2e SFP+ 1550nm 80km DOM Duplex LC SMF Transceiver Module
B2WN0150045M;RAISECOM GE SFP LH SINGLE STRAIN TX 1490NM RX 1550NM 40KM
B2WN0150201M;SFP ATOP 1G LR 1310nm
B2WN0150046M;RAISECOM GE SFP LX SINGLE STRAIN TX 1550NM RX 1310NM 15KM
B2WN00A0130M;10GBASE ZR SFP+ 1550nm 80km Ipiinfussion Edge-Core Compatible
B2WN0131046L;1000BASE-LX/LH SFP TRANSCEIVER MODULE, MMF/SMF, 1310NM, DOM ( PN - GLC-LH-SMD )
B2WN0286459M;Small Form Factor Pluggable 10 Gigabit Ethernet (SFP+) SR Optics
B2WS0200138M;ADAPTER 12V, 1.5A FOR BIVOCOM
B2WN00A0322M;Adapter ISCOM6108-XGS  Output 12V:3A 36.0 Watt
B2WN0286917M;Adapter VeloCloud Edge 510
B2WN0286830M;Tabletop,  with fan NCA-1515B-4C-8D-64S
B2WS0200137M;Bivocom TG451-LY5DM-W Industrial 4G Router
B2WN0150205M;Huawei B312 Modem Router Wifi (Include antenna 8db)
B2WN0150268M;ISCOM6108-XGS: XGS-PON metal shell MDU, user side interface is 1*2.5GE+7*GE+1*10GF, external European power adapter, PON optical
B2WN0150153M;ADAPTOR 12V 1A
B2WN0286829M;Power Adapter NCA-1515B 12V=5A
B2WN0286916M;Mandiri - Branches - VC-510 - Edge 510 Appliance 
B2WN00A0321M;GSFP+-XSNU-R  XGS-PON-ONU optical module
B3CD0100238M;Power suply MODEM ORBIT ZTE 
B2WN0286509M;MIKROTIK CRS328-24P-4S+RM
B2WN00A0392M;4 x GE RJ45 ports (including 3 x Internal Ports, 1 x WAN Ports)
B2WS05A0001M;Router Huawei B315
B2WN0286290M;Mikrotik LtAP mini LTE kit - RB912R-2nD-LTm&R11e-LTE
B2WS028N0112;ROUTER MIKROTIK CCR1009-8G-1S-1S+
B2WN0150152M;HUAAWEI Router B311As + Antena
B2WN0286595M;Router Mikrotik RB1100AHX4
B2WS028N0113;MIKROTIK RB951UI-2HND ( PN - ) ( PN - )
B2WS028N010B;ROUTERBOARD MIKROTIK ( PN - )
B2WN00A0391M;AC power adaptors for FG/FWF-30G, come with interchangeable power plugs
B2WS028N0119;MIKROTIK 952
B2WN0286417M;PSU 12V, 3A FOR FORTIGATE 40 F
B2WS028N0110;MIKROTIK ROUTER RB1100AHX2 1U RACKMOUNT
B2WS028N010S;ROUTER MIKROTIK CCR1036-12G-4S-EM
B2WS028N0107;MIKROTIK ROUTER RB1100-1U
B2WN00A0289M;XGS-PON/GPON Combo optical module, OLT side, 20 km, commercial, DDM, RoHSXGS-PON: Tx wavelength 1577 nm, uplink rate 9.953 and 2
B2WN0150068M;SFP GPON 2.5G 1.25G 30KM
B2WN00A0041M;QSFP to SFP10G adapter
B2WN00A0001M;GPON OLT SFP module (Industrial), class C+ standard, GSFP transceiver module
B2WN0286635M;GPON optical module, OLT side, 60 km, quasi-industrial, DDM, RoHS Tx wavelength 1490 nm, uplink rate 1.25 Gbit/s, downlink rate 
B2WN0286427M;SFP+ 10G-SINGLESTRAIN 40KM TX 1270NM RX 1330NM (Brand : Atop)
B2WN01VS0304;XFP/11G/DCTV/SWLC
B2WN0201011G;SFP+ ATOP/10G/DFB/1310/DUAL FIBER LC/DDM/10KM/C
B2WN0150260M;SFP+ 10G 1310nm 20 KM-Project Lambda
B2WN0286458M;Small Form Factor Pluggable 10 Gigabit Ethernet (SFP+) LR Optics
B2WN0286274M;SFP+ ATOP 10G ER 40KM
B2WN0150203M;SFP+ ATOP 10G SR 850nm
B2WN00A0357M;SFP GE ELECTRICAL RJ45 1G (Brand : ATOP)
B2WN0286139M;10G Base-LR SFP+ optic (LC) for up to 10km over SMF
B2WN0150047M;"SFP +10G RAISECOM 850nm;"
B2WN0286612M;1GE SFP SX TRANSCEIVER MODULE FOR ALL SYSTEMS WITH SFP AND SFP/SFP+ SLOTS
B2WN0286631M;Customized 1000BASE-T SFP Copper RJ-45 100m Transceiver Module (FS P/N: SFP-GB-GE-T)
B2WN0150041M;RAISECOM SFP GE ELECTRICAL RJ45 1,25 GBPS 0,1 KM
B2WN0231016I;1000BASE-SX SFP (DOM)
B2WN0286329M;SFP+ 10GE pluggable transceiver, SMF, 1310nm for 10KM transmission
B2WS02VU0105;PSU/POE WIBAS
B2WS0391048M;PoE Cambium Force 200
B2WS0391020H;AC POE DEVICE POWER RADWIN ( PN - 9921W1011 )
B2WS0391020E;DC-POE 48VDC 100BASE-T/GBE RADWIN
B2WS03W30102;RADIO LIGOWAVE DLB 5-20
B2WS0200143M;POE UBIQUITY UAP-nanoHD
B2WS029G0104;"POWER DSINE REDMAX/HIMAX SU-O;1 X ETH PORTS ( PN - PD-300 1/AC )"
B2WS0391205M;PoE Cambium Force 300L
B2WS02VU010G;WIBAS CONNECT POE INJECTOR
B2WS0391047M;PoE Cambium ePMP 2000, 5 Ghz
B2WS03W30107;POE AC LIGOWAVE DLBMACH-5 ( PN - )
B2WS02A20104;PSU/POE HIMAX 331-SS V2
B2WS0200135M;Meraki MR 802.3at PoE Injector (EU Plug)
B2WS03W30106;LIGOWAVE DLBMACH-5
B2WS02A70204;PSU FOR EVOLUTION X1 SATELITE ROUTER
B2WS0391039M;POE AC LIGOWAVE DLB 5-20
B2WN00A0146M;PSU Adaptor FortiWeb 100E
B2WS0200167M;PoE Injector Ubiquiti U-PoE-AT-eu ( 48.0V 0.65A. 31.2W )
B2WS0200100M;Sundray PoE injector 30W  802.3at gigabit
B2WN0286415M;Power Adapter Unit for ONT Gpon, 12VDC, 1A - 2A
B2WS05A0074M;HPE Aruba Networking AP-POE-ATSR 1-Port Smart Rate 802.3at 30W Midspan Injector
B2WS03VI0103;DRO LNB C-BAND FOR IDIRECT REMOTE ( PN - 8220 )
B2WS03VI0102;2W C-BAND BUC FOR IDIRECT REMOTE ( PN - NJT5667F )
B2WS030O0105;RF,ODU,TIGRIS,EXT-C 2W
B2WN01VS0203;Optical Amplifier, Double Stage 20 dBm maximum output power, variable low gain controlled (C-Band), dual monitoring ports
B2WN0286010D;TA5000 SM2 GE, 2 SFP BASED GE PORTS
B2WN0150117M;Power Supply Module (1000W) DC for SH9HU
B2WN02VG040C;TA5004 POWER/ALM MODULE
B2WS0200037M;FULL C-BAND 2W BUC (NJT8102WF)
B2WS030O0107;RFU-EXCB- TIG-2WL-F-C-BAND
B4PK0700021F;RADIO HYTERA MD788G BUILT IN GPS
B2WS03VI0105;3W KU-BAND BUC FOR IDIRECT REMOTE
B4PK0700020W;PS16001 POWER SUPPLY OF BASE STATION CABINET (ROHS) (ONLYFOR MD788)
B2WS0391055M;HT XiR 6620i non TIA
B2WS0200035M;LNB KU-BAND PLL NJR2842A3
B4PK0700020O;SWR DIAMOND SX400
B4PK0700020R;POWER SUPPLY HYTERA PS22002
B2WS0200136M;Meraki MR36 Wi-Fi 6 Indoor AP
B2WS0391023M;POWER SUPPLY HYTERA PS22002
B2WN0286010G;TA5000 SYSTEM CONTROL MODULE 1188010E1
B2WN02860205;TA5000 CHASSIS 19IN INTL W/SMIO3INTL
B2WN0286010R;TA50000 SCM G2 INTL
B2WN0286010S;TA5000 SM5 2-10GE/2-1G SWTCH MOD
B3CD0400030U;Module rectifier APR48ES
B3CD07000103;INVERTER 1 KVA INTARI TYPE (+/- 48 VDC TO 220 VAC) ( PN - )
B3CD0400049M;POWER MODULE DPR3000B-48
B3CD0400045M;B3CD0400045M-Eaton rectifier 3G Access Power System APS3 series
B3CD04000301;RECTIFIER 220 VAC TO -48 VDC, 4A ( PN - )
B2WN0286281M;SFP+10G 1310NM 10KM DDM
B2WN020D0202;AC RECTIFIER ( PN - ) ( PN - )
B3CD0400030H;1U X 19 SUBRACK FOR 2 X RECTIFIERS C/W SC200+IOBGP
B2WS0373010I;ODU ALFOPLUS 11/460/530 SB-2H ( HIGH )
B3CD042K0101;MODUL RECTIFIER ( PN - ) ( PN - )
B2WS02VU010F;WIBAS CONNECT PANEL ANTENNA 10.5 GHZ
B2WS02VU0104;PANEL ANTENNA 10.5GHZ WIBAS TERMINAL STATION
B2WS020O0116;REMOTE HX50-IDU- C-BAND HUGHES
B2MPLKVD0202;MPLIK-REMOTE HX50-IDU- C-BAND HUGHES ( PN - ) ( PN - ) ( PN - )
B2WS00A0013M;POWER SUPPLY STARLINK V4
B2WS0138158M;Flat High Performance
B2WS0138153M;Power Supply STARLINK
B2WS0138162M;ROUTER STARLINK V4
B2WN0150115M;Fan Module for SH9HU
B2WS033A0103;ODU-SP 13 GHZ LOW NERA ( PN - )
B2WN0150116M;Common Equipment Module for SH9HU
B2WS02VU0203;FULL OUTDOOR WIBAS BASE STATION HUB,10.5GHZ FDD, 2XGBE ( PN - )
B2WN0150125M;9HU Shelf
B3CD13130112;ODC ELECTRICAL MAIN PANEL
B3CD07000108;EATON MATRIX 2000 STAND ALONE INVERTER ( PN - INV-4820ESA )
B3CD048J0101;RECTIFIER SYSTEM HAMMER SIMMONS
B2WS02A70203;EVOLUTION X1 SATELLITE ROUTER
B2WS02A70201;EVOLUTION X3 SATELLITE ROUTER ( PN - )
B2WS020O011F;MODEM HT 1300 ( PN - 1504298-0018 ) ( PN - 1504298-0018 )
B2WS020O0114;REMOTE HN7700S-IDU- C-BAND HUGHES
B2WS0391202M;Cambium Sector Antenna, ePMP-3000L, 90/120 deg
B2WN0286205M;Outdoor GPON OLT
B2WN0287159M;NetEngine 8000 M4 (4x100G + 16x10G) DC Power_Banten Lampung V800R023_Site1
B2WN00A0353M;NetEngine 8000E M1D Basic Configuration, DC Power (Including M1D chassis, fixed interfaces (4*40GE/50GE+4*10GE/GE+20*GE), 2*DC p
B2WN00A0155M;2-Port 100GBase/50GBase-QSFP28 FlexE MACsec Physical Interface Card(PIC)
B2WS0391052M;Cambium Force-200, 5 Ghz, High Gain 25 dBi antenna, Up to 200+Mbps throughput
B2WS0391199M;PoE Cambium ePMP 3000L, 5 GHz
B2WS0391204M;Cambium Force-300L, 5 GHz, High Gain 25 dBi antenna, up to 400+Mbps throughput
B2WN0286126M;POE UAP -AC-M-PRO
B2WS0391198M;Cambium AP ePMP 3000L, 5 GHz
B2WN0286125M;UNIFI UAP-AC-M-PRO
B2WN0286151M;10km max distance, 1310nm, 10Gbit/s, dual fiber, single- mode, DDM, RoHS, commercial
B2WN0286173M;SFP 10G RAISECOM 10KM WAVELENGTH 1310NM DUAL FIBER SINGLE MODE
B2WN0150091M;SFP+ ATOP 10G–SINGLESTRAIN 20KM (Tx-1330 / Rx-1270)
B2WN00A0126M;Transceiver BIDI SFP+ 10G Tx1330nm 20km DDM
B2WN00A0093M;QSFP28 packaging, 100 Gbit/s, 10 km, dual fibers, LC interface, with LAN-WDM wavelength of 1295.56/1300.05/1304.58/1309.14 nm, c
B2WN0286824M;6COM SFP+ 10G LR 1310nm
B2WN0150089M;SFP+ ATOP 10G–SINGLESTRAIN 20KM (Tx-1270 / Rx-1330)
B2WN00A0002M;10 Gbit/s , 10km, 1310nm, dual-fiber, single-mode, DDM, RoHS, Industrial, USFP+ transceiver module
B2WN0286773M;GPON ONU/ONT include one GPON uplink, four 10/100/1000 Mbit/s Ethernet interfaces, with European power adapter
B2WN01000462;ONT ISCOM HT-803G-07 ( PN - )
B2WN0286188M;FORTINET 100F-22 X GE RJ45 PORTS (INCL. 2XWAN PORTS, 1XDMZ PORT, 1XMGT PORT, 2XHA PORTS, 16X SWITCH PORTS WITH 4 SFP PORT SHARED
B2WN0286496M;FORTIGATE 60F
B2WN0286418M;FortiGate 40F
B2WN02850106;FORTINET FORTIGATE 501E (2 X 10GE SFP+ SLOTS,10 X RJ45 PORTS)
B2WN0287055M;FortiWeb-100E, 4 x GE RJ45 ports, 4GB RAM, 1 x 32GB SSD Storage
B2WN00A0029M;5 x GE RJ45 ports (including , 1 x WAN Port, 4 x Internal Ports)
B2WN0286872M;Mikrotik RB760iGS (hEX S)
B2WN0150010L;GPON ONT WITH 4GE + 2 POTS
B2WN01000440;ONT 4GE + 2 POST + WIFI (3RD PRTY CIG) ( PN - )
B2WN0100044D;GPON ONT,G-93T1
B2WN00A0558M;Versa SASE cloud service gateway 150 mini desktop network appliance, comeswith external power supply, country specific power cor
B4RT0B000103;CAMERA CCTV
B2WS038C0202;LNA AMPLUS CBD N
B2WN0100044T;RIVERBED CX255P
B2WN0100042Q;RIVERBED CX255U
B2WN01000434;RIVERBED CXA 770M
B2WS0100010I;LNB,C-BAND LS EXTD BAND ( PN - 1024573-0001 )
B2WS0100013X;TABLET FOR VSAT MOUNTING AUTO POINTING
B2WS0100016P;TABLET FOR VSAT MOUNTING AUTO POINTING PAKARTEL
B2WS0100016O;EMERGENCY CONTROL PAKARTEL
B2WS0100014N;CONTROLLER MOUNTING VSAT AUTO POINTING TYPE 2 PKTL
B2WS0200023M;X1 SATELLITE ROUTER 90W KU/C
B2WS0138052M;SWITCHING SYSTEM PAKARTEL
B2WN02310440;CISCO IP PHONE 8845
B4PK0O000201;KEYBOARD
B2WN0231042K;CISCO IP PHONE 7821
B4PK0700010R;PROFESSIONAL IP PHONE
B2IS0113011B;IP PHONE YEALINK SIP-T23G
B1AC04000009;KEYBOARD 104 USB
B2WN0100040N;MODEM HSDPA
B4PK07000116;IP PHONE
B1LT00000006;NOTEBOOK
B4PK0700011B;PROFESSIONAL IP PHONE
B4PK0700010S;ENTRY LEVEL IP PHONE
B2WN0286099M;Cisco IP Phone 8851
B1AC04000003;KEYBOARD 104
B2WN0231042T;CATALYST 2960-X 48 GIGE, 4 X 1G SFP, LAN BASE ( PN - C2960X-48TS-L )
B2WN0131048J;AC POWER SUPPLY FOR ISR 4320
B2WN0150039M;AC Power Supply for Cisco ISR 4330
B2WN0150107M;AC Power Supply for Cisco ISR 4320
B2WN01310411;CISCO CATALYST 3560 24 ETHERNET 10/100 PORTS AND 2 SMALL FORM-FACTOR PLUGGABLE (SFP) PORTS
B2WN0231042P;CATALYST 2960-X 24 GIGE POE 370W 4 X 1G SFP LAN BASE ( PN - WS-C2960X-24PS-L )
B2WN02310305;CATALYST CISCO 24 PORT
B2WN02310415;CATALYST 3560V2 48 10/100 + 4SFP +IPB (STANDARD) IMAGE
B2WN0231042R;CISCO CATALYST 3850 24 PORT DATA IP SERVICES ( PN - WS-C3850-24T-E )
B2WN0131040W;CISCO 2811 W/ AC PWR,2FE,4HWICS
B2WN01310410;CISCO CATALYST 2960 24 10/100 + 2 10/100/1000, LAN BASE IMAGE
B2WN01310478;CISCO 4321+WAAS
B2WN0131042L;CISCO 1921 MODULAR ROUTER,2GE 2 EHWIC IP BASE
B2WN0131041N;CISCO1811/K9DUAL ETHERNET SECURITY ROUTER WITH V.92
B2WN0131047K;CISCO 892FSP 1GE
B2WN0131042M;CISCO 2911 W/3 GE,4 EHWIC,2DSP,1SM,256MB CF,512MB DRAM,IPB
B2WN01310422;CISCO SECURITY ROUTER CISCO 877 ( PN - CISCO 877 K-9 )
B2WN01310477;CISCO 892FSP+WAAS ( PN - )
B2WN0262020T;SWITCH ISCOM 2624G,REDUNDANT AC POWER
B2WS03910203;DC-POE DEVICE, WITH 20VDC-60VDC POWER RADWIN
B2WS0200141M;UBIQUITY UAP-nanoHD
B2WS0200068M;POE-48 24 W-G
B2WN0200020Z;TP LINK OUTDOOR CPE ( PN - CPE210 )
B2WS0391308M;WIFI EnGenius EWS357-FIT
B2WS0200012F;MR 12-HW
B2WS0200011R;ACCESS POINT AP UNIFY INDOOR
B2WS0391178M;SUNDRAY  S372X Wireless Access Point
B2WS03000218;UBIQUITI UNIFI ACCESS POINT
B2WN0100044F;WIRELESS ROUTER 3G/4G (TP-LINK)
B2WS0200067M;UBIQUITY UAP-AC-PRO
B2WN0286011M;UAP AC PRO
B2WS05A0075M;HPE Aruba Networking AP-505 (RW) Dual Radio 2x2 802.11ax Internal Antennas Unified Campus AP
B2WN0100044I;TP-LINK TL-WR841N
B2WN0286320M;MINI SWITCH HUB 5 PORT
B2WN02620103;MINI SWITCH HUB 10/100 8 PORT ( PN - )
B2WN017V0108;ETHERNET SWITCH,16-PORTS,10/10
B2WSBKA0138M;BIVOCOM Industrial 4G Router 5 Ports ,dual SIM, WIFI, Dual Modul
B2WN014I010H;MICRONET SP5018B VOIP FXS/FXO GATEWAY
B2WN0150108M;POWER SUPPLY/ADAPTOR FOR GAZELLE R220I-VM-FL
B2WN01AH020K;RAISECOM 3G/4G ROUTER-DUAL SIM
B2WN0131046P;PALO ALTO FIREWALL PA-3020
B2WN0286853M;Palo Alto Networks PA-460 NFR Unit
B2WN014I010F;SP5018A VOIP FXS/FXO GATEWAY
B4RT0B00014V;AD-BOX CONTROLLER SIGNBOARD
B2WN0286934M;FAN FOR UfiSpace S9600 series
B2WN00A0294M;Service card, with 8 XG(S)-PON Combo interfaces, without SFP module.
B2WN0286935M;OCNOS-SP-MPLS-2400-UfiSpace S9600-72XC-DC Power Supply
B2WN02A6030L;500W AC POWER SUPPLY WITH EXHAUST AIRFLOW FOR NI CE 2000 SERIES SWITCHES
B2WN0150075M;DUAL FAN FOR ISCOM 3000X SERIES
B2WN01AH0202;MASTER SNMP AGENT MODULE FOR RAISECOM MODULAR DEVICES
B2WN0286682M;POWER DC FOR ISCOM 3000X SERIES
B2WN02310109;TWO-PORT VOICE INTERFACE CARD - FXS
B2WN01AH0107;FIBER DRIVER RAISECOM MODULE E1 BALANCE RC832-30-E1-BL-SS13
B2WN01310101;WIC-1ENET, 1 PORT ETHERNET WAN ( PN - WIC-1ENET )
B2WN0202012B;MANAGEMENT CARD,AND 1+1 CARD PROTECTION
B2WN01AH010F;FIBER DRIVER RAISECOM CARD ETH SINGLE CORE RC552-FE-SS15 ( PN - RC552-FE-SS15 )
B2WN01AH010E;FIBER DRIVER RAISECOM CARD ETH SINGLE CORE RC552-FE-SS13 ( PN - RC552-FE-SS13 )
B2WN0286699M;8*10GE optical interface card, apply to S5600-EI (ESW-SUB-8XF)
B2WN0286683M;"4x40 Gbit/s QSFP+ interfaces; 48x10 Gbit/s SFP+ interfaces;  pluggable dual DC power supplies and 2 pluggable fans modules."
B2WN0231010A;TWO-PORT VOICE INTERFACE CARD - FXO
B2WN0286703M;2x40G QSFP+ interface card, apply to S5600-EI (ESW-SUB-2Q)
B2WN01AH0108;FIBER DRIVER RAISECOM MODULE E1 BALANCE RC832-30-E1-BL-SS15
B2WN01AH0203;RAISECOM MODULE, 10/100/1000M IEEE802.3AH OAM
B2WN0202011L;OPTICAL 10GE AGGREGATION L2 SWITCH, 24*100/1000BASE-X SFP + 4*10GE SFP+, DUAL DC SWAPPABLE POWER SUPPLIES
B2WN0286681M;POWER DC ISCOM5600 input -48V=6A
B2WN02VG040S;CHASSIS (MAIN BOARD) ( PN - ITN201-2XG )
B2WN0286680M;L2+ aggregation GE switch, 24x100/1000M SFP + 4x1000M/10G SFP+, and one expansion slot. Dual DC power
B2WN02VG040U;GE EXPANSION MODULE,4X1000M SFP PORTS
B2WN0202011K;MANAGEABLE L2 SWITCH, 24 10/100BASE-T+2 100/1000BASE-X SFP PORTS
B2WN0286679M;fan ISCOM5600
B2WN02020117;SWITCH ISCOM 2924GF, REDUNDANT DC POWER
B2WN0202011N;NEXT GENERATION CARRIER ETHERNET DEMARCATION DEVICE
B2WN02020124;ELECTRICAL 10GE AGGREGATION L2 SWITCH, 48*10/100/1000BASE-T+ 4*10GE SFP+, DUAL AC SWAPPABLE POWER SUPPLIES, -5 - 50& 8304
B2WN02020118;SWITCH ISCOM 2924G, REDUNDANT AC POWER ( PN - ISCOM 2924G-AC/D )
B2WN01AH0208;CONVERTER E1 TO V35 RAISECOM
B2WN02VG040V;10GE EXPANSION MODULE,2X10 GE XFP INTERFASE
B2WN02020128;MANAGEABLE POE ACCES L2 SWITCH,24 10/100BASE-T POE PORT+4 100MBPS
B2WN0177010F;FIBER DRIVER ETH RAISECOM RC552-FE-SS13 ( PN - )
B2WN0202011Z;SWITCH ISCOM 2128G REDUNDANT DC POWER
B2WN01AH010H;RAISECOM MODULE GE WITH 1:1 UPLINK PROTECTION 2 PORT SFP
B2WN0287076M;DC POWER SUPPLY FOR RAX711-C-R SERIES PROJECT LAMBDA
B2WN0202012A;ITN8800 CHASSIS WITH TWO DC POWER CARDS AND ONE FAN CARD ( PN - )
B2WN02860114;TA5000 GPON OLT 8X SFP
B2SW01A0009M;ETH AGGREGATION CARD,SUPPORTS 2X10GE INTERFACES, CAN ACCESS TWO WAYS 10GE GROUPING SERVICE
B2WN0286404M;SWITCH DEMARKASI 10G (New Version L3)
B2WN0286406M;DC POWER SUPPLY FOR RAX711-C-R SERIES
B2WN0286010W;TA5004 FILTER 19IN CHASSIS
B2WN02860110;TA5004 MSM20 2-10G
B2WN0287074M;Compact 10G NID, half-19'' wide, 4x10G SFP+ for uplink, 12x1G SFP for downlink, CONSOLE and SNMP ports for management, one hot-s
B2WN02VG040D;TA5004 FAN MOD 19IN CHASSIS
B2WN0287075M;AC POWER SUPPLY FOR RAX711-C-R SERIES PROJECT LAMBDA
B2WN0286010T;TA5000 GPON OLT 4-PORT SFP
B2WN0202012C;ETH ACCESS CARD,SUPPORTS 8XGE INTERFACESCCAN ACCESS EIGHT WAYS GE GROUPING SERVICE ( PN - )
B2WN0202012K;SWITCH ISCOM 2648G, REDUNDANT AC POWER ( PN - ISCOM2648G-4C-AC/D )
B2WN02VG040A;TA5004 CHASSIS 19IN
B2WN01VS0207;40CSM/2HU-#19590-#19200
B2WN01VS010G;CARD OSCM
B2WN01VS010F;CARD F7/OSFM+1510 ( PN - 1063708481 )
B2WN01VS0102;CARD NCU-II
B2WN01VS010M;4ROADM-C96/0/OPM ( PN - 1063708327-01 )
B2WN0150134M;Managed DCM using dispersion compensating fiber (DCF), compensating 70km Standard Single Mode Fiber
B2WN0150065M;Managed DCM using dispersion compensating fiber (DCF), compensating 50km Standard Single Mode Fiber
B2WN01VS010N;CARD SCU-II
B2WN0150061M;Optical Amplifier, Double Stage 20 dBm maximum output power, variable gain controlled (C-Band) with Dual Monitor
B2WN02310203;CISCO 7200 AC POWER SUPPLY OPTION
B2WN01310102;7206VXR BUNDLE NPE-300 & I/O CONTROLLER WITH FE
B2WN023103OQ;7206VXR WITH NPE-G2 INCLUDES 3GIGE/FE/E PORTS AND IP SW ( PN - 7206VXR/NPE-G2 )
B4RT0B87037M;IP CAMERA NVR DAHUA 32 CHANNEL NVR DAHUA 32CH / NVR608-32-4KS2 incl. Seagate skyhawk 10 TB
B2WN01310136;MODULE NPE-G2 UNTUK ROUTER CISCO 7200 SERIES
B2WN0131045O;CISCO ONE ISR 4351 (3GE,3NIM,2SM,4G FLASH,4G DRAM,IPB), UPGRADE TO 16GB DRAM/16GB FLASH, 200GB MSATA SSD BUNDLE
B2WN02310416;CISCO 3945 W/SPE150(3GE,4EHWIC,4DSP,4SM,256MBCF,1GBDRAM,IPB) ( PN - CISCO3945/K9 ) ( PN - CISCO3945/K9 )
B3CD0400030J;EATON ACCESS POWER RECTIFIER MODULE 48VDC
B2WN01000425;PASSIVE SPLITTER 2:32, SC/APC, INSTALLED IN RNOTP BOX, COMPLETE ACCESSORIES ( PN - )
B2WN0100041Z;SPLITTER 2:8 INC BOX
B2WN0286794M;BOX ODP 32 Port Lup Pigtail SC APC
B3CD102D0102;INVERTER ICA 3 KVA 48VDC
B3TM0100000Y;SPLITTER BOX ODP 24 CORE TYPE LC/APC ( PN - )
B1AC01000701;PC-MONITOR LCD 17 INCH
B1AC0100010Q;MONITOR HP V194 18.5-IN MNT
B4RT0B870104;VSX 3000 IP-ONLY SYSTEM (PAL)
B2WN0131042B;CISCO 881-K9
B3CD0400030I;SUBRACK
B3CD0100212M;UPS 1KVA with IT incl SNMP
B3CD012F0301;UPS INCLUDE INTERNAL IT TRANSFORMER 1 KVA ( PN - )
B3CD115R0102;ISOLATION TRANSFORMER 3 KVA
B3CD115R0105;ISOLATION TRANSFORMER (IT) 600VA ( PN - )
B3CD01000203;UPS 1 KVA INCLUDE IT TRANSFORMER
B3CD06000108;STABILIZER 1000 VA 220 V 1PH/50HZ
B3CD01000202;UPS 1 KVA
B3CD012F0103;UPS LAPLACE 3 KVA
USSP06AP0101;USO-ISOLATION TRANSFORMER (IT) 600VA ( PN - )
B3CD115R0101;ISOLATION TRANSFORMER (IT-1000)
B1WS014E020G;CPU DELL OPTIPLEX 330 MT
B1SV0100001A;PC DESKTOP ( PN - )
B1WS014E020E;CPU DELL OPTIPLEX 320DT
B1WS012X0105;CPU-HP 3340MT
B4PK0G000101;MESIN ABSENSI
B4PK09000104;BARCODE PRINTER KECIL 118 MM
B4PK0G000102;MESIN PRINTER ABSENSI
B2WS023A0106;IDU XPAND SDH+IP WITH 16E1 NERA ( PN - )
B1SV0100009M;PowerEdge R740 Server
B1LT0000000C;NOTEBOOK CORE 2 DUO PROCESSOR
B2WN01AH0201;RAISECOM 3U, 16-SLOT CHASSIS, WITH TWO DC POWER SUPPLY MODULES
B3CD0400030N;RECTIFIER 220 VAC TO 48 VDC, 8A ( PN - )
B2WN0286987M;SFP 1G-SINGLESTRAIN 40KM (Tx-1310 / Rx-1550) (Brand : Atop)
B2WSBKA0139M;Adapter 12V, 1.5A for BIVOCOM
B2WN0286956M;SFP+ 10G 1550nm 40KM
B2WN0286985M;SFP 1G-SINGLESTRAIN 40KM (Tx-1550 / Rx-1310) (Brand : Atop)
B2WN0286825M;SFP+ 10G 850nm 300M LC
B2WN0286499M;AC Power Adaptor for FG/FWF 60E/61E, 60F/61F, and 80E/81E
B2WN0202011J;RAISECOM DEMARCATION OAM, 4GE RJ45 + 2*GE SFP, AC ( PN - RC551E-4GE-AC )
B2WN01AH0109;FIBER DRIVER RAISECOM MODULE V35 RC832-30-FV35-SS13
B2WN0286208M;PSU FORTI FG-50E/FG-30E
B2WN0287028M;SFP 1.25G 1310nm 10KM DDM LC
B2WN0286405M;AC POWER SUPPLY FOR RAX711-C-R SERIES
B2WN0286944M;10GBASE ZR SFP+ 1550nm 80km Huawei & Edge-Core Compatible
B2WN00A0293M;CARD ISCOM6820-SMUB - Uplink MCC one 100GE (QSFP28) and two 1/10GE (SFP+)
B2WN0287057M;SFP+ 10G-SINGLESTRAIN 20KM (Tx-1270 / Rx-1330) (brand: FS/Qonitech/Atop/3Tech/6Com)
B3CD0400030P;RECTIFIER 220 VAC TO 48 VDC, 10A
B2WN0286209M;Mikrotik CCR1036-12G-4S
B2WN0231043F;CISCO CATALYST 2960C 12-PORT FAST ETHERNET SWITCH
B2WN0286700M;POWER AC ISCOM5600
B2WN0286863M;SFP 1G-SINGLESTRAIN 20KM (Tx-1310 / Rx-1550) (brand: FS/Qonitech/Atop/3Tech/6Com)
B2WN0100046Y;PSU FOR RIVERBED STEELCONNECT
B9DM0004337M;Pengadaan Reiwa AC Window 1/2 PK CW-0501RA ODC Brumbung FRANCO SEMARANG
B2WN0286010O;TA5000 FAN MOD 19IN CHASSIS
B2WN0287105M;AC POWER SUPPLY FOR RAX721-C-6C48
B2WN0286740M;FS compatible for Edge-Core 10GBASE-SR SFP+ 850NM 300M DOM TRANSCEIVER MODULE
B2WN0286873M;Power Supply o/p 24VDC - 1,2A
B2WN0286734M;FS compatible for Edge-Core 100GBASE-LR4 QSFP28 1310NM 10KM DOM LC SMF OPTICAL TRANSCEIVER MODULE
B3CD07A0007M;POWER MODULE DPR 850B-48
B2WN0202012T;SWITCH ISCOM 2624G 4C, AC POWER
B2WS020O0110;PSU REMOTE 7000 SERIES -IDU- C-BAND HUGHES ( PN - 1031105-0001 )
B2WS020O011G;PSU MODEM HT 1300
B2WS02A70202;PSU FOR EVOLUTION X3 SATELITE ROUTER ( PN - )
B2WS020Y0102;SAS, UNIVERSAL POWER SUPPLY 115/220 VAC
B2WS020Y0106;POWER SUPPLY UNIT TYPE TRG-70A-480-12E03
B2WS0200022M;PSU FOR X1-KU/C 90W SATELITE ROUTER
B2WN0150172M;PSU for WANO SDW-W4000
B2WN0150042M;RAISECOM GE SFP LX SINGLE STRAIN TX 1310NM RX 1550NM 15KM
B2WN0286855M;Power supply
B3CD0400031M;SC200 SYSTEM CONTROLLER
B2WN0286306M;Power Supply 66 Watt AC V2 for C890 and C1100 series
B2WN0287068M;NetEngine 8000 M1A Basic Configuration(Includes M1A Chassis, Fixed Interface(16*10GE+16*GE),2*DC Power,without Software and Docu
B4RT0B87074M;TV Samsung, Kabel HDMI 2 Meter & Wall Bracket TV - SmartTV 50'' Crystal UHD DU7000 4K Smart TV
B2WN00A0016M;Optical Transceiver(SFP+,1550nm,9.95~11.1Gb/s,-4.7~4dBm,-14.1dBm,LC,SM,40km)
B2WN0286871M;Customized 25GBASE-LR SFP28 1310nm 10km DOM Duplex LC SMF Optical Transceiver Module Device Number:Edge-Core Compatible Brands:O
B2WN0286876M;Customized 25G SFP28 1310nm 40km DOM Duplex LC SMF Optical Transceiver Module Device Number:Edge-Core Compatible Brands:Others L
B2WN13A0089M;400GBPS QSFP-DD,  ER
B2WN00A0149M;QSFP28 100G 1295~1310nm 40KM LC
B2WN00A0004M;6C-QSFP+-ER4 40G  1270~1330nm 40KM (brand : 6Com)
B2WN13A0090M;400G QSFP-DD Transceiver,400G-FR4,Duplex LC,2km Duplex SMF
B2WN00A0014M;Optical Transceiver(eSFP,1310nm,1.25Gb/s,-5~0dBm,-23dBm,LC,SM,40km)
B2WN00A0012M;Optical Transceiver(SFP+,1550nm,9.953~10.3125Gb/s,0~4dBm,-24dBm,LC,SM,80km)
B2WS00A0001M;Modem ORBIT STAR 3 UNLOCK
B2WN0287059M;BIDI SFP+ TX1330nm 40KM
B2WN0287058M;BIDI SFP+ TX1270nm 40KM
B2WS0138110M;Sensor Elevasi dan Azimuth
B2WS0138161M;Standard V4
B2WN00A0559M;AC power adapter Versa CSG150 Series
B2WN0287166M;"H3C S9850-32H L3 Ethernet Switch with 32 QSFP28 Ports;  2 * 650W AC Power Supply Module (Power Panel Side Intake Airflow);  5 * "
B2WN0286673M;The SUNDRAY V-Sec Switch, provides 28 ports(24 10/100/1000Base-T POE ports, 4 10G SFP+ optical ports). Support IEEE 802.3af/at p
